	tcr_id	pmhc_id	epitope	species	mhc	va	ja	cdr3a	vb	jb	cdr3b	mhc_class	binding	uuid
0	2P5E	2P5E	SLLMWITQC	Homo sapiens (human)	HLA-A*02:01	TRAV21*01	TRAJ6*01	AVRPLLDGTYIPT	TRBV6-5*01	TRBJ2-2*01	ASSYLGNTGELF	1	1	71e54ba3-a8f6-4b30-9b96-5c3fd268033b
1	2P5W	2P5W	SLLMWITQC	Homo sapiens (human)	HLA-A*02:01	TRAV21*01	TRAJ6*01	AVRPLLDGTYIPT	TRBV6-5*01	TRBJ2-2*01	ASSYLGNTGELF	1	1	ca2bfa75-538d-4686-9d77-b42008459a1d
2	2PYE	2PYE	SLLMWITQC	Homo sapiens (human)	HLA-A*02:01	TRAV21*01	TRAJ6*01	AVRPLLDGTYIPT	TRBV6-5*01	TRBJ2-2*01	ASSYLGNTGELF	1	1	44eceed5-ca06-48f6-b940-d0a4fca44827
3	5HHO	5HHO	GILEFVFTL	Homo sapiens (human)	HLA-A*02:01	TRAV27*01	TRAJ42*01	AGAGSQGNLI	TRBV19*01	TRBJ2-7*01	ASSIRSSYEQY	1	1	ec45c470-5709-4830-9e26-f14a8fb11ed8
4	5E9D	5E9D	ELAGIGILTV	Homo sapiens (human)	HLA-A*02:01	TRAV12-2*01	TRAJ24*02	AVTKYSWGKLQ	TRBV6-5*01	TRBJ2-7*01	ASRPGWMAGGVELY	1	1	d6ef1407-1bb6-4a70-9d68-b1bd691cc8b9
5	4JFD	4JFD	ELAAIGILTV	Homo sapiens (human)	HLA-A*02:01	TRAV12-2*01	TRAJ27*01	AVNDGGRLT	TRBV30*02	TRBJ2-2*01	AWSETGLGMGGWQ	1	1	3c29c01a-9a8e-4ef2-872e-9d99ee663833
6	4JFF	4JFF	ELAGIGILTV	Homo sapiens (human)	HLA-A*02:01	TRAV12-2*01	TRAJ27*01	AVNDGGRLT	TRBV30*02	TRBJ2-2*01	AWSETGLGMGGWQ	1	1	26741748-95de-4672-830c-b9a5b5585f47
7	4JFE	4JFE	ELAGIGALTV	Homo sapiens (human)	HLA-A*02:01	TRAV12-2*01	TRAJ27*01	AVNDGGRLT	TRBV30*02	TRBJ2-2*01	AWSETGLGMGGWQ	1	1	70df8f00-eac0-45c5-abdd-ee1fd9f8fd8f
8	4JRX	4JRX	LPEPLPQGQLTAY	Homo sapiens (human)	HLA-B*35:08	TRAV19*01	TRAJ34*01	ALSGFYNTDKLI	TRBV6-1*01	TRBJ1-1*01	ASPGETEAF	1	1	17aac997-243f-4800-a46a-376b5aa4bfe5
9	4JRY	4JRY	LPEPLPQGQLTAY	Homo sapiens (human)	HLA-B*35:08	TRAV39*01	TRAJ33*01	AVGGGSNYQLI	TRBV5-6*01	TRBJ2-7*01	ASSRTGSTYEQY	1	1	960ab1a0-6ab5-4534-ad42-1d20e8114545
10	3QEQ	3QEQ	AAGIGILTV	Homo sapiens (human)	HLA-A*02:01	TRAV35*01	TRAJ49*01	AGGTGNQFY	TRBV10-3*01	TRBJ1-5*01	AISEVGVGQPQH	1	1	a9263205-f6fc-41c3-b707-d41a82da4e2f
11	3QDM	3QDM	ELAGIGILTV	Homo sapiens (human)	HLA-A*02:01	TRAV35*01	TRAJ49*01	AGGTGNQFY	TRBV10-3*01	TRBJ1-5*01	AISEVGVGQPQH	1	1	f9c030c9-ad69-4f82-bcfe-20dbd2a1c075
12	4FTV	4FTV	LLFGYPVYV	Homo sapiens Caucasian	HLA-A*02:01	TRAV12-2*01	TRAJ24*02	AVTTDSWGKLQ	TRBV6-5*01	TRBJ2-7*01	ASRPGLMSAQPEQY	1	1	58257f77-c10f-4d9c-a82f-a98205f95e32
13	2F54	2F54	SLLMWITQC	Homo sapiens (human)	HLA-A*02:01	TRAV21*01	TRAJ6*01	AVRPTSGGSYIPT	TRBV6-5*01	TRBJ2-2*01	ASSYVGNTGELF	1	1	91d05c7c-c3a7-44f1-81ef-d2bbf8dff99b
14	2F54	2F54	SLLMWITQC	Homo sapiens (human)	HLA-A*02:01	TRAV21*01	TRAJ6*01	AVRPTSGGSYIPT	TRBV6-5*01	TRBJ2-2*01	ASSYVGNTGELF	1	1	8e12a54d-8cd5-47f3-9485-da85eb92508c
15	2BNQ	2BNQ	SLLMWITQV	Homo sapiens (human)	HLA-A*02:01	TRAV21*01	TRAJ6*01	AVRPTSGGSYIPT	TRBV6-5*01	TRBJ2-2*01	ASSYVGNTGELF	1	1	58396e28-5314-464b-b1e2-c45c2dcaf541
16	2BNR	2BNR	SLLMWITQC	Homo sapiens (human)	HLA-A*02:01	TRAV21*01	TRAJ6*01	AVRPTSGGSYIPT	TRBV6-5*01	TRBJ2-2*01	ASSYVGNTGELF	1	1	2e8d0b19-536a-4579-b5ac-0629fced0aa2
17	2F53	2F53	SLLMWITQC	Homo sapiens (human)	HLA-A*02:01	TRAV21*01	TRAJ6*01	AVRPTSGGSYIPT	TRBV6-5*01	TRBJ2-2*01	ASSYVGNTGELF	1	1	46987884-ad75-4fb7-8093-ffd56ed343e0
18	1MI5	1MI5	FLRGRAYGL	Homo sapiens (human)	HLA-B*08:01	TRAV26-2*01	TRAJ52*01	ILPLAGGTSYGKLT	TRBV7-8*01	TRBJ2-7*01	ASSLGQAYEQY	1	1	1ba2c9c2-bf1b-42e3-8436-15e2f17131da
19	5NMG	5NMG	SLFNTIAVL	Homo sapiens (human)	HLA-A*02:01	TRAV12-2*01	TRAJ41*01	AVRTNSGYALN	TRBV5-6*01	TRBJ2-7*01	ASSDTVSYEQY	1	1	f423a690-1c28-4f71-ac14-b262307cab4d
20	5NME	5NME	SLYNTVATL	Homo sapiens (human)	HLA-A*02:01	TRAV12-2*01	TRAJ41*01	AVRTNSGYALN	TRBV5-6*01	TRBJ2-7*01	ASSDTVSYEQY	1	1	e8c830a8-f017-4280-b642-d29e4f421201
21	5NMF	5NMF	SLYNTIATL	Homo sapiens (human)	HLA-A*02:01	TRAV12-2*01	TRAJ41*01	AVRTNSGYALN	TRBV5-6*01	TRBJ2-7*01	ASSDTVSYEQY	1	1	8f61e613-9dcd-4c1c-9971-e4ea0d7e3f28
22	4MJI	4MJI	TAFTIPSI	Homo sapiens (human)	HLA-B*51:01	TRAV17*01	TRAJ22*01	ATDDDSARQLT	TRBV7-3*01	TRBJ2-2*01	ASSLTGGGELF	1	1	46d39dfa-51ff-415b-a540-75991abe9850
23	2AK4	2AK4	LPEPLPQGQLTAY	Homo sapiens (human)	HLA-B*35:08	TRAV19*01	TRAJ34*01	ALSGFYNTDKLI	TRBV6-1*01	TRBJ2-7*01	ASPGLAGEYEQY	1	1	588c59bb-78e1-4c58-92d2-43e1fae022e6
24	3MV8	3MV8	HPVGEADYFEY	Homo sapiens (human)	HLA-B*35:01	TRAV20*01	TRAJ18*01	AVQDLGTSGSRLT	TRBV9*02	TRBJ2-2*01	ASSARSGELF	1	1	1c2371d0-530d-4a21-8655-26c532bfd960
25	4PRI	4PRI	HPVGEADYFEY	Homo sapiens (human)	HLA-B*35:08	TRAV20*01	TRAJ18*01	AVQDLGTSGSRLT	TRBV9*01	TRBJ2-2*01	ASSARSGELF	1	1	72fc33a1-27e2-4d62-9512-8adf03a6a32f
26	4PRH	4PRH	HPVGDADYFEY	Homo sapiens (human)	HLA-B*35:08	TRAV20*01	TRAJ18*01	AVQDLGTSGSRLT	TRBV9*01	TRBJ2-2*01	ASSARSGELF	1	1	cd000d74-689e-4ab0-b38c-308ec6641a4d
27	3MV9	3MV9	HPVGEADYFEY	Homo sapiens (human)	HLA-B*35:01	TRAV20*01	TRAJ18*01	AVQDLGTSGSRLT	TRBV9*01	TRBJ2-2*01	ASSARSGELF	1	1	601b553f-ecbf-4dfd-931b-54011f720fd2
28	3MV7	3MV7	HPVGEADYFEY	Homo sapiens Caucasian	HLA-B*35:01	TRAV20*01	TRAJ18*01	AVQDLGTSGSRLT	TRBV9*01	TRBJ2-2*01	ASSARSGELF	1	1	995b62e4-8694-451f-a07a-c129e5b20417
29	4PRP	4PRP	HPVGQADYFEY	Homo sapiens (human)	HLA-B*35:01	TRAV20*01	TRAJ18*01	AVQDLGTSGSRLT	TRBV9*01	TRBJ2-2*01	ASSARSGELF	1	1	535e4669-15dd-4a09-8597-d53eea6d9c5e
30	5MEN	5MEN	ILAKFLHWL	Homo sapiens (human)	HLA-A*02:01	TRAV22*01	TRAJ40*01	AVDSATSGTYKYI	TRBV6-5*01	TRBJ1-1*01	ASSYQGTEAF	1	1	c79c479e-9889-4ebb-969d-3a6af1970a8e
31	2NX5	2NX5	EPLPQGQLTAY	Homo sapiens (human)	HLA-B*35:01	TRAV1-2*01	TRAJ6*01	AVQASGGSYIPT	TRBV10-3*01	TRBJ1-5*01	ATGTGDSNQPQH	1	1	e63a4015-4e77-4d2b-b59d-580d42512eaf
32	5D2N	5D2N	NLVPMVATV	Homo sapiens (human)	HLA-A*02:01	TRAV26-2*01	TRAJ43*01	ILDNNNDMR	TRBV7-6*01	TRBJ1-4*01	ASSLAPGTTNEKLF	1	1	759fba22-cf8f-4dbc-ade1-8275551c84b8
33	4L3E	4L3E	ELAGIGILTV	Homo sapiens (human)	HLA-A*02:01	TRAV12-2*01	TRAJ23*01	AVNFGGGKLI	TRBV6-4*01	TRBJ1-1*01	ASSWSFGTEAF	1	1	f122e7ac-d302-4764-be34-212f047dc174
34	2J8U	2J8U	ALWGFFPVL	Mus musculus C57BL/6	HLA-A*02:01 K66A mutant	TRAV12D-2*01	TRAJ50*01	ALFLASSSFSKLV	TRBV13-3*01	TRBJ2-7*01	ASSDWVSYEQY	1	1	9ad82a27-2233-4f32-a7ca-d8d41ae6a87e
35	2JCC	2JCC	ALWGFFPVL	Mus musculus C57BL/6	HLA-A*02:01 W167A mutant	TRAV12D-2*01	TRAJ50*01	ALFLASSSFSKLV	TRBV13-3*01	TRBJ2-7*01	ASSDWVSYEQY	1	1	9a6070bc-d459-4dce-93f7-0635c6f295f7
36	2UWE	2UWE	ALWGFFPVL	Mus musculus C57BL/6	HLA-A*02:01 T163A mutant	TRAV12D-2*01	TRAJ50*01	ALFLASSSFSKLV	TRBV13-3*01	TRBJ2-7*01	ASSDWVSYEQY	1	1	e2d429e9-d797-4f52-ba69-dafc5b8ffd37
37	1LP9	1LP9	ALWGFFPVL	Mus musculus HLA-A*0201 Tg	HLA-A*02:01	TRAV12D-2*01	TRAJ50*01	ALFLASSSFSKLV	TRBV13-3*01	TRBJ2-7*01	ASSDWVSYEQY	1	1	73e0a7b7-fa81-494b-b3cf-d29514a6ec2d
38	5BRZ	5BRZ	EVDPIGHLY	Homo sapiens (human)	HLA-A*01:01	TRAV21*01	TRAJ28*01	AVRPGGAGPFFVV	TRBV5-1*01	TRBJ2-7*01	ASSFNMATGQY	1	1	883289bb-92fe-48e3-abae-e263cc6d1e5d
39	5BS0	5BS0	ESDPIVAQY	Homo sapiens (human)	HLA-A*01:01	TRAV21*01	TRAJ28*01	AVRPGGAGPFFVV	TRBV5-1*01	TRBJ2-7*01	ASSFNMATGQY	1	1	1cfbda65-9f26-4a30-9935-fff67092d407
40	3KPS	3KPS	EEYLQAFTY	Homo sapiens (human)	HLA-B*44:05	TRAV26-2*01	TRAJ52*01	ILPLAGGTSYGKLT	TRBV7-8*01	TRBJ2-7*01	ASSLGQAYEQY	1	1	ff8a3554-4e91-486d-b910-376a6e743221
41	3KPR	3KPR	EEYLKAWTF	Homo sapiens (human)	HLA-B*44:05	TRAV26-2*01	TRAJ52*01	ILPLAGGTSYGKLT	TRBV7-8*01	TRBJ2-7*01	ASSLGQAYEQY	1	1	acf5ed15-eaee-438c-816c-29f60834ca5f
42	1QRN	1QRN	LLFGYAVYV	Homo sapiens (human)	HLA-A*02:01	TRAV12-2*01	TRAJ24*02	AVTTDSWGKLQ	TRBV6-5*01	TRBJ2-7*01	ASRPGLAGGRPEQY	1	1	e23c91bd-c429-4d55-bab3-7f699e8f2e09
43	1QSF	1QSF	LLFGYPVAV	Homo sapiens (human)	HLA-A*02:01	TRAV12-2*01	TRAJ24*02	AVTTDSWGKLQ	TRBV6-5*01	TRBJ2-7*01	ASRPGLAGGRPEQY	1	1	6a2e349b-7f52-4600-9757-9f2504a4cfbf
44	3VXR	3VXR	RYPLTFGWCF	Homo sapiens (human)	HLA-A*24:02	TRAV21*01	TRAJ12*01	AVRMDSSYKLI	TRBV7-9*01	TRBJ2-2*01	ASSSWDTGELF	1	1	96dc809e-789c-40a6-be1c-efef131ff083
45	3VXS	3VXS	RYPLTLGWCF	Homo sapiens (human)	HLA-A*24:02	TRAV21*01	TRAJ12*01	AVRMDSSYKLI	TRBV7-9*01	TRBJ2-2*01	ASSSWDTGELF	1	1	309fa652-38a7-4f04-acbb-e51fc0734d03
46	3W0W	3W0W	RFPLTFGWCF	Homo sapiens (human)	HLA-A*24:02	TRAV12-2*01	TRAJ23*01	GTYNQGGKLI	TRBV27*01	TRBJ2-7*01	ASSGASHEQY	1	1	6a8b7566-c3d9-4bef-95fa-2903da369bb6
47	3VXU	3VXU	RFPLTFGWCF	Homo sapiens (human)	HLA-A*24:02	TRAV12-2*01	TRAJ23*01	GTYNQGGKLI	TRBV27*01	TRBJ2-7*01	ASSGASHEQY	1	1	0a70842f-9b29-47cf-b94a-7b0dcf9c60ae
48	3HG1	3HG1	ELAGIGILTV	Homo sapiens (human)	HLA-A*02:01	TRAV12-2*01	TRAJ27*01	AVNVAGKST	TRBV30*02	TRBJ2-2*01	AWSETGLGTGELF	1	1	26d919fe-c5f5-43ab-b034-bc0caed0fd60
49	4QOK	4QOK	EAAGIGILTV	Homo sapiens (human)	HLA-A*02:01	TRAV12-2*01	TRAJ27*01	AVNVAGKST	TRBV30*02	TRBJ2-2*01	AWSETGLGTGELF	1	1	90660c97-4aec-453e-8d5f-b6c5f606d88d
50	5WKF	5WKF	GTSGSPIVNR	Homo sapiens (human)	HLA-A*11:01	TRAV30*01	TRAJ39*01	GLGDAGNMLT	TRBV11-2*01	TRBJ1-2*01	ASSLGQGLLYGYT	1	1	187bfeb8-93fa-48fa-8268-b991b3e86026
51	5EU6	5EU6	YLEPGPVTV	Homo sapiens (human)	HLA-A*02:01	TRAV21*01	TRAJ53*01	AVLSSGGSNYKLT	TRBV7-3*01	TRBJ2-3*01	ASSFIGGTDTQY	1	1	ffa88c6b-9a8b-4101-8335-375a53ad90cb
52	3GSN	3GSN	NLVPMVATV	Homo sapiens (human)	HLA-A*02:01	TRAV24*01	TRAJ49*01	ARNTGNQFY	TRBV6-5*01	TRBJ1-2*01	ASSPVTGGIYGYT	1	1	aa043ce8-6c07-4e5e-a2a9-a2ffd10f5bb7
53	6AVF	6AVF	APRGPHGGAASGL	Homo sapiens (human)	HLA-B*07:02	TRAV4*01	TRAJ21*01	LVGEILDNFNKFY	TRBV28*01	TRBJ2-3*01	ASSQRQEGDTQY	1	1	6bf905c3-6375-479b-bfa1-7ee10318049c
54	3QDG	3QDG	ELAGIGILTV	Homo sapiens (human)	HLA-A*02:01	TRAV12-2*01	TRAJ23*01	AVNFGGGKLI	TRBV6-4*01	TRBJ1-1*01	ASSLSFGTEAF	1	1	69be595a-2970-4842-a1e4-038189da3709
55	3QDJ	3QDJ	AAGIGILTV	Homo sapiens (human)	HLA-A*02:01	TRAV12-2*01	TRAJ23*01	AVNFGGGKLI	TRBV6-4*01	TRBJ1-1*01	ASSLSFGTEAF	1	1	1fb4bd7d-eb40-4c51-adb8-249e40828642
56	5EUO	5EUO	GILGFVFTL	Homo sapiens (human)	HLA-A*02:01	TRAV27*01	TRAJ42*01	AGAIGPSNTGKLI	TRBV19*01	TRBJ2-7*01	ASSIRSSYEQY	1	1	18fa2757-c148-4f95-a336-6f0e67c26ccb
57	4QRR	4QRR	IPSINVHHY	Homo sapiens (human)	HLA-B*35:01	TRBV5-1*01	TRBJ2-1*01	ASSLEGGYYNEQF	TRDV1*01	TRDJ1*01	ALGELAGAGGTSYGKLT	1	1	8f98e0a0-1a83-448e-921b-d8e7e9f7a9e6
58	6AVG	6AVG	APRGPHGGAASGL	Homo sapiens (human)	HLA-B*07:02	TRAV4*01	TRAJ8*01	LVVDQKLV	TRBV9*01	TRBJ2-1*01	ASSGGHTGSNEQF	1	1	f6411bce-e327-4258-87a0-627c032512be
59	5ISZ	5ISZ	GILGFVFTL	Homo sapiens (human)	HLA-A*02:01	TRAV24*01	TRAJ27*01	AFDTNAGKST	TRBV19*01	TRBJ2-7*01	ASSIFGQREQY	1	1	65c8bcdd-7705-4e18-92fc-519b8b12921d
60	3GSN	2P5E	SLLMWITQC	Homo sapiens (human)	HLA-A*02:01	TRAV24*01	TRAJ49*01	ARNTGNQFY	TRBV6-5*01	TRBJ1-2*01	ASSPVTGGIYGYT	1	0	edee849f-a3a0-49d5-884b-3d922a86cad9
61	5BRZ	2P5W	SLLMWITQC	Homo sapiens (human)	HLA-A*02:01	TRAV21*01	TRAJ28*01	AVRPGGAGPFFVV	TRBV5-1*01	TRBJ2-7*01	ASSFNMATGQY	1	0	927338e1-da89-469a-8dc8-bd0b2b08acc2
62	4JFF	2PYE	SLLMWITQC	Homo sapiens (human)	HLA-A*02:01	TRAV12-2*01	TRAJ27*01	AVNDGGRLT	TRBV30*02	TRBJ2-2*01	AWSETGLGMGGWQ	1	0	a99e0dd1-1f57-4524-a706-0250da83f74d
63	3MV7	5HHO	GILEFVFTL	Homo sapiens Caucasian	HLA-A*02:01	TRAV20*01	TRAJ18*01	AVQDLGTSGSRLT	TRBV9*01	TRBJ2-2*01	ASSARSGELF	1	0	16df642b-4e91-4329-a471-d7c7fd8ac416
64	4PRI	5E9D	ELAGIGILTV	Homo sapiens (human)	HLA-A*02:01	TRAV20*01	TRAJ18*01	AVQDLGTSGSRLT	TRBV9*01	TRBJ2-2*01	ASSARSGELF	1	0	577c7d2e-bd96-41ad-ae51-df759b4693f3
65	5E9D	4JFD	ELAAIGILTV	Homo sapiens (human)	HLA-A*02:01	TRAV12-2*01	TRAJ24*02	AVTKYSWGKLQ	TRBV6-5*01	TRBJ2-7*01	ASRPGWMAGGVELY	1	0	31bb38cf-4f27-4479-bbd3-3e0e31169665
66	2P5E	4JFF	ELAGIGILTV	Homo sapiens (human)	HLA-A*02:01	TRAV21*01	TRAJ6*01	AVRPLLDGTYIPT	TRBV6-5*01	TRBJ2-2*01	ASSYLGNTGELF	1	0	5562a5dc-3253-4a9c-a758-37422e67049f
67	3VXU	4JFE	ELAGIGALTV	Homo sapiens (human)	HLA-A*02:01	TRAV12-2*01	TRAJ23*01	GTYNQGGKLI	TRBV27*01	TRBJ2-7*01	ASSGASHEQY	1	0	f242f720-69d5-4337-816b-102b7a6b7076
68	3QDM	4JRX	LPEPLPQGQLTAY	Homo sapiens (human)	HLA-B*35:08	TRAV35*01	TRAJ49*01	AGGTGNQFY	TRBV10-3*01	TRBJ1-5*01	AISEVGVGQPQH	1	0	78455679-7159-4967-8640-626ea9bd09f8
69	3QEQ	4JRY	LPEPLPQGQLTAY	Homo sapiens (human)	HLA-B*35:08	TRAV35*01	TRAJ49*01	AGGTGNQFY	TRBV10-3*01	TRBJ1-5*01	AISEVGVGQPQH	1	0	f11cfc35-f9ff-4f51-9b50-3e4ecf3871f4
70	1LP9	3QEQ	AAGIGILTV	Mus musculus HLA-A*0201 Tg	HLA-A*02:01	TRAV12D-2*01	TRAJ50*01	ALFLASSSFSKLV	TRBV13-3*01	TRBJ2-7*01	ASSDWVSYEQY	1	0	7eae1a82-f23c-4207-9e79-96ee5d2ab6cc
71	1QSF	3QDM	ELAGIGILTV	Homo sapiens (human)	HLA-A*02:01	TRAV12-2*01	TRAJ24*02	AVTTDSWGKLQ	TRBV6-5*01	TRBJ2-7*01	ASRPGLAGGRPEQY	1	0	94cb2ae3-496a-4c2a-9557-dc26edf32871
72	6AVF	4FTV	LLFGYPVYV	Homo sapiens (human)	HLA-A*02:01	TRAV4*01	TRAJ21*01	LVGEILDNFNKFY	TRBV28*01	TRBJ2-3*01	ASSQRQEGDTQY	1	0	d55d2374-4d46-4f57-b53b-65069a81ae1b
73	4JRX	2F54	SLLMWITQC	Homo sapiens (human)	HLA-A*02:01	TRAV19*01	TRAJ34*01	ALSGFYNTDKLI	TRBV6-1*01	TRBJ1-1*01	ASPGETEAF	1	0	621dbc9e-7d9f-4303-991d-ec6eb6ac0a49
74	5NMG	2F54	SLLMWITQC	Homo sapiens (human)	HLA-A*02:01	TRAV12-2*01	TRAJ41*01	AVRTNSGYALN	TRBV5-6*01	TRBJ2-7*01	ASSDTVSYEQY	1	0	0f20dbaf-2551-4eb8-9dba-f46da5a8212e
75	4JFD	2BNQ	SLLMWITQV	Homo sapiens (human)	HLA-A*02:01	TRAV12-2*01	TRAJ27*01	AVNDGGRLT	TRBV30*02	TRBJ2-2*01	AWSETGLGMGGWQ	1	0	09dae8a6-56de-4247-8eb6-9f5dd9cdfe6b
76	3QDG	2BNR	SLLMWITQC	Homo sapiens (human)	HLA-A*02:01	TRAV12-2*01	TRAJ23*01	AVNFGGGKLI	TRBV6-4*01	TRBJ1-1*01	ASSLSFGTEAF	1	0	fbecd9d9-931b-4d22-8a1b-79bd06268518
77	2J8U	2F53	SLLMWITQC	Mus musculus C57BL/6	HLA-A*02:01	TRAV12D-2*01	TRAJ50*01	ALFLASSSFSKLV	TRBV13-3*01	TRBJ2-7*01	ASSDWVSYEQY	1	0	4409027d-ee1a-4c45-aeec-6ab0a6455760
78	4JRX	1MI5	FLRGRAYGL	Homo sapiens (human)	HLA-B*08:01	TRAV19*01	TRAJ34*01	ALSGFYNTDKLI	TRBV6-1*01	TRBJ1-1*01	ASPGETEAF	1	0	aaf7182c-2942-4fb2-8a2b-8ac9e915f0eb
79	2F54	5NMG	SLFNTIAVL	Homo sapiens (human)	HLA-A*02:01	TRAV21*01	TRAJ6*01	AVRPTSGGSYIPT	TRBV6-5*01	TRBJ2-2*01	ASSYVGNTGELF	1	0	0e32d0ad-bcd3-46af-ba30-56625e536824
80	3QDJ	5NME	SLYNTVATL	Homo sapiens (human)	HLA-A*02:01	TRAV12-2*01	TRAJ23*01	AVNFGGGKLI	TRBV6-4*01	TRBJ1-1*01	ASSLSFGTEAF	1	0	ddabb503-1a58-4b2a-aac6-f07555c51e4f
81	4JFF	5NMF	SLYNTIATL	Homo sapiens (human)	HLA-A*02:01	TRAV12-2*01	TRAJ27*01	AVNDGGRLT	TRBV30*02	TRBJ2-2*01	AWSETGLGMGGWQ	1	0	7e75aa82-1147-40d4-8963-cfdfdd5905ec
82	4JRY	4MJI	TAFTIPSI	Homo sapiens (human)	HLA-B*51:01	TRAV39*01	TRAJ33*01	AVGGGSNYQLI	TRBV5-6*01	TRBJ2-7*01	ASSRTGSTYEQY	1	0	9d423f7c-58ff-46f2-95f8-7630c60340ee
83	3KPS	2AK4	LPEPLPQGQLTAY	Homo sapiens (human)	HLA-B*35:08	TRAV26-2*01	TRAJ52*01	ILPLAGGTSYGKLT	TRBV7-8*01	TRBJ2-7*01	ASSLGQAYEQY	1	0	2e9efdfc-4400-4ed6-9f28-e39e97d49f10
84	5BRZ	3MV8	HPVGEADYFEY	Homo sapiens (human)	HLA-B*35:01	TRAV21*01	TRAJ28*01	AVRPGGAGPFFVV	TRBV5-1*01	TRBJ2-7*01	ASSFNMATGQY	1	0	188bfc44-8502-4fdc-813f-d67199fa5721
85	2UWE	4PRI	HPVGEADYFEY	Mus musculus C57BL/6	HLA-B*35:08	TRAV12D-2*01	TRAJ50*01	ALFLASSSFSKLV	TRBV13-3*01	TRBJ2-7*01	ASSDWVSYEQY	1	0	17b9ef56-a675-47c7-b6d6-5b9b9626cfe5
86	1LP9	4PRH	HPVGDADYFEY	Mus musculus HLA-A*0201 Tg	HLA-B*35:08	TRAV12D-2*01	TRAJ50*01	ALFLASSSFSKLV	TRBV13-3*01	TRBJ2-7*01	ASSDWVSYEQY	1	0	9d69d6d2-c166-43f2-b6c5-9b55a312f6d4
87	2F54	3MV9	HPVGEADYFEY	Homo sapiens (human)	HLA-B*35:01	TRAV21*01	TRAJ6*01	AVRPTSGGSYIPT	TRBV6-5*01	TRBJ2-2*01	ASSYVGNTGELF	1	0	c31680c9-c088-4265-99c4-1f58b442ddaf
88	5EU6	3MV7	HPVGEADYFEY	Homo sapiens (human)	HLA-B*35:01	TRAV21*01	TRAJ53*01	AVLSSGGSNYKLT	TRBV7-3*01	TRBJ2-3*01	ASSFIGGTDTQY	1	0	49060864-ccce-4b77-a87f-45fcdc79909d
89	5EUO	4PRP	HPVGQADYFEY	Homo sapiens (human)	HLA-B*35:01	TRAV27*01	TRAJ42*01	AGAIGPSNTGKLI	TRBV19*01	TRBJ2-7*01	ASSIRSSYEQY	1	0	ef973fe5-c0e3-4005-b96a-0b209bbc78b8
90	3MV8	5MEN	ILAKFLHWL	Homo sapiens (human)	HLA-A*02:01	TRAV20*01	TRAJ18*01	AVQDLGTSGSRLT	TRBV9*02	TRBJ2-2*01	ASSARSGELF	1	0	e1e486a3-b1c1-4619-b0b2-6d0a712e2e6f
91	3QDG	2NX5	EPLPQGQLTAY	Homo sapiens (human)	HLA-B*35:01	TRAV12-2*01	TRAJ23*01	AVNFGGGKLI	TRBV6-4*01	TRBJ1-1*01	ASSLSFGTEAF	1	0	2defab67-244a-4aee-ad86-34b0100ddcc1
92	3KPR	5D2N	NLVPMVATV	Homo sapiens (human)	HLA-A*02:01	TRAV26-2*01	TRAJ52*01	ILPLAGGTSYGKLT	TRBV7-8*01	TRBJ2-7*01	ASSLGQAYEQY	1	0	25048451-d08b-45d6-8b06-1ef527ee315e
93	3MV8	4L3E	ELAGIGILTV	Homo sapiens (human)	HLA-A*02:01	TRAV20*01	TRAJ18*01	AVQDLGTSGSRLT	TRBV9*02	TRBJ2-2*01	ASSARSGELF	1	0	fffb6a9e-b025-4966-8be5-dfe3910bb336
94	2BNR	2J8U	ALWGFFPVL	Homo sapiens (human)	HLA-A*02:01 K66A mutant	TRAV21*01	TRAJ6*01	AVRPTSGGSYIPT	TRBV6-5*01	TRBJ2-2*01	ASSYVGNTGELF	1	0	44587335-91f9-4267-bd7c-38022427925b
95	3W0W	2JCC	ALWGFFPVL	Homo sapiens (human)	HLA-A*02:01 W167A mutant	TRAV12-2*01	TRAJ23*01	GTYNQGGKLI	TRBV27*01	TRBJ2-7*01	ASSGASHEQY	1	0	9e31660b-93f6-40e5-82e1-63bf93361318
96	5BS0	2UWE	ALWGFFPVL	Homo sapiens (human)	HLA-A*02:01 T163A mutant	TRAV21*01	TRAJ28*01	AVRPGGAGPFFVV	TRBV5-1*01	TRBJ2-7*01	ASSFNMATGQY	1	0	8c45bee2-d099-49dd-95db-b64d28185d1b
97	4JFE	1LP9	ALWGFFPVL	Homo sapiens (human)	HLA-A*02:01	TRAV12-2*01	TRAJ27*01	AVNDGGRLT	TRBV30*02	TRBJ2-2*01	AWSETGLGMGGWQ	1	0	75b80df6-d33f-4dd7-882a-11cbedc5865a
98	1LP9	5BRZ	EVDPIGHLY	Mus musculus HLA-A*0201 Tg	HLA-A*01:01	TRAV12D-2*01	TRAJ50*01	ALFLASSSFSKLV	TRBV13-3*01	TRBJ2-7*01	ASSDWVSYEQY	1	0	25f987d9-5cfc-4853-9224-da03f72b4df2
99	2UWE	5BS0	ESDPIVAQY	Mus musculus C57BL/6	HLA-A*01:01	TRAV12D-2*01	TRAJ50*01	ALFLASSSFSKLV	TRBV13-3*01	TRBJ2-7*01	ASSDWVSYEQY	1	0	c4d630a0-127f-40fc-afb7-b73f3458def2
100	1QSF	3KPS	EEYLQAFTY	Homo sapiens (human)	HLA-B*44:05	TRAV12-2*01	TRAJ24*02	AVTTDSWGKLQ	TRBV6-5*01	TRBJ2-7*01	ASRPGLAGGRPEQY	1	0	334212b8-9fd4-47ad-871d-8189c072e21a
101	2AK4	3KPR	EEYLKAWTF	Homo sapiens (human)	HLA-B*44:05	TRAV19*01	TRAJ34*01	ALSGFYNTDKLI	TRBV6-1*01	TRBJ2-7*01	ASPGLAGEYEQY	1	0	2a0121b5-38e8-47b2-9f92-a232e1ad42b4
102	4PRP	1QRN	LLFGYAVYV	Homo sapiens (human)	HLA-A*02:01	TRAV20*01	TRAJ18*01	AVQDLGTSGSRLT	TRBV9*01	TRBJ2-2*01	ASSARSGELF	1	0	7d80edcb-8126-449d-a3a9-26bce767b1e9
103	1MI5	1QSF	LLFGYPVAV	Homo sapiens (human)	HLA-A*02:01	TRAV26-2*01	TRAJ52*01	ILPLAGGTSYGKLT	TRBV7-8*01	TRBJ2-7*01	ASSLGQAYEQY	1	0	ac65e56b-6316-4593-97b7-2dc230f1cbec
104	6AVG	3VXR	RYPLTFGWCF	Homo sapiens (human)	HLA-A*24:02	TRAV4*01	TRAJ8*01	LVVDQKLV	TRBV9*01	TRBJ2-1*01	ASSGGHTGSNEQF	1	0	669556e5-6179-4a0d-accc-52995423d87b
105	3MV9	3VXS	RYPLTLGWCF	Homo sapiens (human)	HLA-A*24:02	TRAV20*01	TRAJ18*01	AVQDLGTSGSRLT	TRBV9*01	TRBJ2-2*01	ASSARSGELF	1	0	7a172eda-8e78-41d4-9be5-e7dd3db5f4f7
106	4JRX	3W0W	RFPLTFGWCF	Homo sapiens (human)	HLA-A*24:02	TRAV19*01	TRAJ34*01	ALSGFYNTDKLI	TRBV6-1*01	TRBJ1-1*01	ASPGETEAF	1	0	acd1121d-a55c-4dc7-b690-952ece6468f8
107	4JFE	3VXU	RFPLTFGWCF	Homo sapiens (human)	HLA-A*24:02	TRAV12-2*01	TRAJ27*01	AVNDGGRLT	TRBV30*02	TRBJ2-2*01	AWSETGLGMGGWQ	1	0	6b288723-e67d-4ea4-bca4-e0c86912aed9
108	2J8U	3HG1	ELAGIGILTV	Mus musculus C57BL/6	HLA-A*02:01	TRAV12D-2*01	TRAJ50*01	ALFLASSSFSKLV	TRBV13-3*01	TRBJ2-7*01	ASSDWVSYEQY	1	0	4e7b69a0-c277-40c0-9bef-5baa48f91eea
109	4JFF	4QOK	EAAGIGILTV	Homo sapiens (human)	HLA-A*02:01	TRAV12-2*01	TRAJ27*01	AVNDGGRLT	TRBV30*02	TRBJ2-2*01	AWSETGLGMGGWQ	1	0	e3dabc2c-87d8-4bae-ad42-42142738f6b4
110	3W0W	5WKF	GTSGSPIVNR	Homo sapiens (human)	HLA-A*11:01	TRAV12-2*01	TRAJ23*01	GTYNQGGKLI	TRBV27*01	TRBJ2-7*01	ASSGASHEQY	1	0	484e380c-caff-4626-ad37-83bd35c1aa94
111	3MV9	5EU6	YLEPGPVTV	Homo sapiens (human)	HLA-A*02:01	TRAV20*01	TRAJ18*01	AVQDLGTSGSRLT	TRBV9*01	TRBJ2-2*01	ASSARSGELF	1	0	056f1f32-4142-406b-b22c-d4bad9049145
112	4QRR	3GSN	NLVPMVATV	Homo sapiens (human)	HLA-A*02:01	TRBV5-1*01	TRBJ2-1*01	ASSLEGGYYNEQF	TRDV1*01	TRDJ1*01	ALGELAGAGGTSYGKLT	1	0	14045690-b11f-4a6c-aa83-27ad77815e94
113	2AK4	6AVF	APRGPHGGAASGL	Homo sapiens (human)	HLA-B*07:02	TRAV19*01	TRAJ34*01	ALSGFYNTDKLI	TRBV6-1*01	TRBJ2-7*01	ASPGLAGEYEQY	1	0	f1a95e51-6ae0-4c04-8adb-2b717373e013
114	3VXU	3QDG	ELAGIGILTV	Homo sapiens (human)	HLA-A*02:01	TRAV12-2*01	TRAJ23*01	GTYNQGGKLI	TRBV27*01	TRBJ2-7*01	ASSGASHEQY	1	0	420c2378-8aed-4cdb-98c3-6f091d3f5248
115	3VXU	3QDJ	AAGIGILTV	Homo sapiens (human)	HLA-A*02:01	TRAV12-2*01	TRAJ23*01	GTYNQGGKLI	TRBV27*01	TRBJ2-7*01	ASSGASHEQY	1	0	7329ffd6-7008-4eac-99a6-a3a90f78711a
116	1LP9	5EUO	GILGFVFTL	Mus musculus HLA-A*0201 Tg	HLA-A*02:01	TRAV12D-2*01	TRAJ50*01	ALFLASSSFSKLV	TRBV13-3*01	TRBJ2-7*01	ASSDWVSYEQY	1	0	1dc63297-634a-4030-a630-28c682eb3fc2
117	5EU6	4QRR	IPSINVHHY	Homo sapiens (human)	HLA-B*35:01	TRAV21*01	TRAJ53*01	AVLSSGGSNYKLT	TRBV7-3*01	TRBJ2-3*01	ASSFIGGTDTQY	1	0	1aa8163b-9238-4152-9e71-4dd6b88daa55
118	2J8U	6AVG	APRGPHGGAASGL	Mus musculus C57BL/6	HLA-B*07:02	TRAV12D-2*01	TRAJ50*01	ALFLASSSFSKLV	TRBV13-3*01	TRBJ2-7*01	ASSDWVSYEQY	1	0	1dc58d18-2b0d-4f8b-aa8e-c6d67e3f15f9
119	4QRR	5ISZ	GILGFVFTL	Homo sapiens (human)	HLA-A*02:01	TRBV5-1*01	TRBJ2-1*01	ASSLEGGYYNEQF	TRDV1*01	TRDJ1*01	ALGELAGAGGTSYGKLT	1	0	1a44fccc-619e-49cb-8f36-9f17a95796ac
