Complex,Unbound TCR,Unbound pMHC,TCR,pMHC,Peptide,Class,"iRMSD, Å",Docking category
1AO7,3QH3,1DUZ,A6,Tax/HLA-A2,LLFGYPVYV,Class I,1.23,Rigid
1MI5,1KGC,1M05,LC13,EBV/HLA-B8,FLRGRAYGL,Class I,1.25,Medium
1MWA,1TCR,1LEK,2C,dEV8/H2-Kbm3,EQYKFYSV,Class I,1.14,Rigid
1OGA,2VLM,2VLL,JM22,flu/HLA-A2,GILGFVFTL,Class I,1.36,Medium
2BNR,2BNU,1S9W,1G4,NY-ESO9C/HLA-A2,SLLMWITQC,Class I,0.72,Rigid
2CKB,1TCR,1LEG,2C,dEV8/H2-Kb,EQYKFYSV,Class I,1.17,Rigid
2IAM,2IAL,1KLG,E8,TPImut/HLA-DR1,GELIGILNAAKVPAD,Class II,0.87,Rigid
2IAN,2IAL,1KLU,E8,TPI/HLA-DR1,GELIGTLNAAKVPAD,Class II,0.82,Rigid
2NX5,2NW2,2NW3,ELS4,EBV/HLA-B3508,EPLPQGQLTAY,Class I,1.14,Rigid
2OI9,1TCR,3ERY,2C,QL9/H2-Ld,QLSPFPFDL,Class I,1.1,Medium
2PXY,2Z35,1K2D,1934.4,MBP/H2-Iau,RGGASQYRPSQ,Class II,1.18,Medium
2PYE,2PYF,1S9W,1G4 c5c1,NY-ESO9C/HLA-A2,SLLMWITQC,Class I,0.88,Rigid
3DXA,3DX9,3DX8,DM1,B*4405 EENL/HLA,EENLLDFVRF,Class I,1.46,Rigid
3H9S,3QH3,3H7B,A6,Tel1p/HLA-A2,MLWGYLQYV,Class I,1.31,Medium
3KPR,1KGC,3KPQ,LC13,ABCD3/HLA-B4405,EEYLKAWTF,Class I,1.37,Medium
3KPS,1KGC,3KPP,LC13,ABCD3/HLA-B4405,EEYLQAFTY,Class I,1.31,Medium
3PWP,3QH3,3PWL,A6,HuD/HLA-A2,LGYGFVNYI,Class I,1.24,Rigid
3QDG,3QEU,1JF1,DMF5,MART1-ELA/HLA-A2,ELAGIGILTV,Class I,0.96,Medium
3QDJ,3QEU,2GUO,DMF5,MART1-AAG/HLA-A2,AAGIGILTV,Class I,0.94,Medium
3SJV,3SKN,1M05,RL42,EBV/HLA-B8,FLRGRAYGL,Class I,0.96,Rigid
3UTT,3UTP,3UTQ,1E6,Insulin/HLA-A2,ALWGPDPAAA,Class I,0.75,Rigid
3VXS,3VXQ,3VXP,H27-14,A24/Nef134-10(6L),RYPLTLGWCF,Class I,0.88,Rigid
3W0W,3VXT,3VXO,T36-5,A24/Nef134-10(2F),RFPLTFGWCF,Class I,0.9,Rigid
4JFD,4JFH,4JFP,alpha24beta17,ELA4A/A2,ELAAIGILTV,Class I,1.46,Medium
5NMF,5NMD,5NMH,868,HIV p17 Gag/HLA A2,SLYNTIATL,Class I,1.06,Rigid
5NMG,5NMD,5NMK,868,HIV p17 Gag/HLA A2,SLFNTIAVL,Class I,1.08,Rigid
6AVF,6AT6,6AT5,KFJ5,NY-ESO-1/HLA-B*07:02,APRGPHGGAASGL,Class I,1.99,Medium
6CQL,6CPH,6CPN,F24,RQ13/DR11,RFYKTLRAEQASQ,Class II,0.82,Rigid
6CQQ,6CPH,6CPO,F24,RQ13/DR15,RFYKTLRAEQASQ,Class II,0.85,Rigid
6CQR,6CPH,6CQJ,F24,RQ13/DR1,RFYKTLRAEQASQ,Class II,0.89,Rigid